"filename", "language", "Groovy", "Properties", "C++", "YAML", "XML", "Dart", "Markdown", "JSON", "HTML", "comment", "blank", "total"
"/Users/macintosh/Desktop/Startup/QalamAndNoor/QalamAndNoor/README.md", "Markdown", 0, 0, 0, 0, 0, 0, 10, 0, 0, 0, 7, 17
"/Users/macintosh/Desktop/Startup/QalamAndNoor/QalamAndNoor/analysis_options.yaml", "YAML", 0, 0, 0, 3, 0, 0, 0, 0, 0, 23, 4, 30
"/Users/macintosh/Desktop/Startup/QalamAndNoor/QalamAndNoor/android/app/build.gradle", "Groovy", 54, 0, 0, 0, 0, 0, 0, 0, 0, 5, 13, 72
"/Users/macintosh/Desktop/Startup/QalamAndNoor/QalamAndNoor/android/app/src/debug/AndroidManifest.xml", "XML", 0, 0, 0, 0, 4, 0, 0, 0, 0, 4, 1, 9
"/Users/macintosh/Desktop/Startup/QalamAndNoor/QalamAndNoor/android/app/src/main/AndroidManifest.xml", "XML", 0, 0, 0, 0, 28, 0, 0, 0, 0, 6, 1, 35
"/Users/macintosh/Desktop/Startup/QalamAndNoor/QalamAndNoor/android/app/src/main/res/drawable-v21/launch_background.xml", "XML", 0, 0, 0, 0, 4, 0, 0, 0, 0, 7, 2, 13
"/Users/macintosh/Desktop/Startup/QalamAndNoor/QalamAndNoor/android/app/src/main/res/drawable/launch_background.xml", "XML", 0, 0, 0, 0, 4, 0, 0, 0, 0, 7, 2, 13
"/Users/macintosh/Desktop/Startup/QalamAndNoor/QalamAndNoor/android/app/src/main/res/values-night/styles.xml", "XML", 0, 0, 0, 0, 9, 0, 0, 0, 0, 9, 1, 19
"/Users/macintosh/Desktop/Startup/QalamAndNoor/QalamAndNoor/android/app/src/main/res/values/styles.xml", "XML", 0, 0, 0, 0, 9, 0, 0, 0, 0, 9, 1, 19
"/Users/macintosh/Desktop/Startup/QalamAndNoor/QalamAndNoor/android/app/src/profile/AndroidManifest.xml", "XML", 0, 0, 0, 0, 4, 0, 0, 0, 0, 4, 1, 9
"/Users/macintosh/Desktop/Startup/QalamAndNoor/QalamAndNoor/android/build.gradle", "Groovy", 27, 0, 0, 0, 0, 0, 0, 0, 0, 0, 5, 32
"/Users/macintosh/Desktop/Startup/QalamAndNoor/QalamAndNoor/android/gradle.properties", "Properties", 0, 3, 0, 0, 0, 0, 0, 0, 0, 0, 1, 4
"/Users/macintosh/Desktop/Startup/QalamAndNoor/QalamAndNoor/android/gradle/wrapper/gradle-wrapper.properties", "Properties", 0, 5, 0, 0, 0, 0, 0, 0, 0, 0, 1, 6
"/Users/macintosh/Desktop/Startup/QalamAndNoor/QalamAndNoor/android/settings.gradle", "Groovy", 8, 0, 0, 0, 0, 0, 0, 0, 0, 0, 4, 12
"/Users/macintosh/Desktop/Startup/QalamAndNoor/QalamAndNoor/assets/illustrations/current_school_year.svg", "XML", 0, 0, 0, 0, 1, 0, 0, 0, 0, 0, 0, 1
"/Users/macintosh/Desktop/Startup/QalamAndNoor/QalamAndNoor/assets/illustrations/students_playing.svg", "XML", 0, 0, 0, 0, 1, 0, 0, 0, 0, 0, 0, 1
"/Users/macintosh/Desktop/Startup/QalamAndNoor/QalamAndNoor/assets/illustrations/teachers.svg", "XML", 0, 0, 0, 0, 1, 0, 0, 0, 0, 0, 0, 1
"/Users/macintosh/Desktop/Startup/QalamAndNoor/QalamAndNoor/lib/configs/assets.dart", "Dart", 0, 0, 0, 0, 0, 14, 0, 0, 0, 3, 4, 21
"/Users/macintosh/Desktop/Startup/QalamAndNoor/QalamAndNoor/lib/configs/fonts.dart", "Dart", 0, 0, 0, 0, 0, 126, 0, 0, 0, 0, 18, 144
"/Users/macintosh/Desktop/Startup/QalamAndNoor/QalamAndNoor/lib/configs/http_overrides.dart", "Dart", 0, 0, 0, 0, 0, 9, 0, 0, 0, 0, 2, 11
"/Users/macintosh/Desktop/Startup/QalamAndNoor/QalamAndNoor/lib/configs/project_themes.dart", "Dart", 0, 0, 0, 0, 0, 173, 0, 0, 0, 18, 14, 205
"/Users/macintosh/Desktop/Startup/QalamAndNoor/QalamAndNoor/lib/configs/styles.dart", "Dart", 0, 0, 0, 0, 0, 27, 0, 0, 0, 0, 3, 30
"/Users/macintosh/Desktop/Startup/QalamAndNoor/QalamAndNoor/lib/controllers/account_controller.dart", "Dart", 0, 0, 0, 0, 0, 45, 0, 0, 0, 0, 7, 52
"/Users/macintosh/Desktop/Startup/QalamAndNoor/QalamAndNoor/lib/controllers/navigation_controller.dart", "Dart", 0, 0, 0, 0, 0, 103, 0, 0, 0, 0, 11, 114
"/Users/macintosh/Desktop/Startup/QalamAndNoor/QalamAndNoor/lib/main.dart", "Dart", 0, 0, 0, 0, 0, 38, 0, 0, 0, 8, 6, 52
"/Users/macintosh/Desktop/Startup/QalamAndNoor/QalamAndNoor/lib/models/address/address.dart", "Dart", 0, 0, 0, 0, 0, 61, 0, 0, 0, 1, 11, 73
"/Users/macintosh/Desktop/Startup/QalamAndNoor/QalamAndNoor/lib/models/address/area.dart", "Dart", 0, 0, 0, 0, 0, 48, 0, 0, 0, 1, 11, 60
"/Users/macintosh/Desktop/Startup/QalamAndNoor/QalamAndNoor/lib/models/address/city.dart", "Dart", 0, 0, 0, 0, 0, 42, 0, 0, 0, 1, 11, 54
"/Users/macintosh/Desktop/Startup/QalamAndNoor/QalamAndNoor/lib/models/agendas/employee.dart", "Dart", 0, 0, 0, 0, 0, 158, 0, 0, 0, 2, 13, 173
"/Users/macintosh/Desktop/Startup/QalamAndNoor/QalamAndNoor/lib/models/agendas/family.dart", "Dart", 0, 0, 0, 0, 0, 82, 0, 0, 0, 1, 12, 95
"/Users/macintosh/Desktop/Startup/QalamAndNoor/QalamAndNoor/lib/models/agendas/father.dart", "Dart", 0, 0, 0, 0, 0, 163, 0, 0, 0, 3, 13, 179
"/Users/macintosh/Desktop/Startup/QalamAndNoor/QalamAndNoor/lib/models/agendas/job_title.dart", "Dart", 0, 0, 0, 0, 0, 48, 0, 0, 0, 1, 11, 60
"/Users/macintosh/Desktop/Startup/QalamAndNoor/QalamAndNoor/lib/models/agendas/mother.dart", "Dart", 0, 0, 0, 0, 0, 146, 0, 0, 0, 3, 14, 163
"/Users/macintosh/Desktop/Startup/QalamAndNoor/QalamAndNoor/lib/models/agendas/responsible_person.dart", "Dart", 0, 0, 0, 0, 0, 88, 0, 0, 0, 1, 11, 100
"/Users/macintosh/Desktop/Startup/QalamAndNoor/QalamAndNoor/lib/models/agendas/student.dart", "Dart", 0, 0, 0, 0, 0, 170, 0, 0, 0, 2, 12, 184
"/Users/macintosh/Desktop/Startup/QalamAndNoor/QalamAndNoor/lib/models/conversations/conversation.dart", "Dart", 0, 0, 0, 0, 0, 73, 0, 0, 0, 3, 12, 88
"/Users/macintosh/Desktop/Startup/QalamAndNoor/QalamAndNoor/lib/models/conversations/message.dart", "Dart", 0, 0, 0, 0, 0, 78, 0, 0, 0, 2, 13, 93
"/Users/macintosh/Desktop/Startup/QalamAndNoor/QalamAndNoor/lib/models/conversations/web_conversation.dart", "Dart", 0, 0, 0, 0, 0, 129, 0, 0, 0, 3, 12, 144
"/Users/macintosh/Desktop/Startup/QalamAndNoor/QalamAndNoor/lib/models/educational/classroom.dart", "Dart", 0, 0, 0, 0, 0, 64, 0, 0, 0, 1, 11, 76
"/Users/macintosh/Desktop/Startup/QalamAndNoor/QalamAndNoor/lib/models/educational/course.dart", "Dart", 0, 0, 0, 0, 0, 80, 0, 0, 0, 1, 11, 92
"/Users/macintosh/Desktop/Startup/QalamAndNoor/QalamAndNoor/lib/models/educational/current_school_year_insights.dart", "Dart", 0, 0, 0, 0, 0, 10, 0, 0, 0, 1, 1, 12
"/Users/macintosh/Desktop/Startup/QalamAndNoor/QalamAndNoor/lib/models/educational/exam.dart", "Dart", 0, 0, 0, 0, 0, 65, 0, 0, 0, 2, 12, 79
"/Users/macintosh/Desktop/Startup/QalamAndNoor/QalamAndNoor/lib/models/educational/school_class.dart", "Dart", 0, 0, 0, 0, 0, 52, 0, 0, 0, 1, 11, 64
"/Users/macintosh/Desktop/Startup/QalamAndNoor/QalamAndNoor/lib/models/educational/school_year.dart", "Dart", 0, 0, 0, 0, 0, 64, 0, 0, 0, 1, 11, 76
"/Users/macintosh/Desktop/Startup/QalamAndNoor/QalamAndNoor/lib/models/educational/school_year_classroom.dart", "Dart", 0, 0, 0, 0, 0, 52, 0, 0, 0, 1, 11, 64
"/Users/macintosh/Desktop/Startup/QalamAndNoor/QalamAndNoor/lib/models/educational/semester.dart", "Dart", 0, 0, 0, 0, 0, 52, 0, 0, 0, 2, 12, 66
"/Users/macintosh/Desktop/Startup/QalamAndNoor/QalamAndNoor/lib/models/educational/semester_exam.dart", "Dart", 0, 0, 0, 0, 0, 72, 0, 0, 0, 1, 11, 84
"/Users/macintosh/Desktop/Startup/QalamAndNoor/QalamAndNoor/lib/models/educational/semster_exam.dart", "Dart", 0, 0, 0, 0, 0, 72, 0, 0, 0, 1, 11, 84
"/Users/macintosh/Desktop/Startup/QalamAndNoor/QalamAndNoor/lib/models/educational/year_record.dart", "Dart", 0, 0, 0, 0, 0, 75, 0, 0, 0, 1, 11, 87
"/Users/macintosh/Desktop/Startup/QalamAndNoor/QalamAndNoor/lib/models/enums.dart", "Dart", 0, 0, 0, 0, 0, 96, 0, 0, 0, 0, 16, 112
"/Users/macintosh/Desktop/Startup/QalamAndNoor/QalamAndNoor/lib/models/helpers/database_helpers/address_management_helpers/address_management_db_helper.dart", "Dart", 0, 0, 0, 0, 0, 75, 0, 0, 0, 0, 5, 80
"/Users/macintosh/Desktop/Startup/QalamAndNoor/QalamAndNoor/lib/models/helpers/database_helpers/addresses_db_helper.dart", "Dart", 0, 0, 0, 0, 0, 68, 0, 0, 0, 0, 8, 76
"/Users/macintosh/Desktop/Startup/QalamAndNoor/QalamAndNoor/lib/models/helpers/database_helpers/area_db_helper.dart", "Dart", 0, 0, 0, 0, 0, 66, 0, 0, 0, 0, 8, 74
"/Users/macintosh/Desktop/Startup/QalamAndNoor/QalamAndNoor/lib/models/helpers/database_helpers/cities_db_helper.dart", "Dart", 0, 0, 0, 0, 0, 52, 0, 0, 0, 0, 7, 59
"/Users/macintosh/Desktop/Startup/QalamAndNoor/QalamAndNoor/lib/models/helpers/database_helpers/classrooms_db_helper.dart", "Dart", 0, 0, 0, 0, 0, 69, 0, 0, 0, 0, 8, 77
"/Users/macintosh/Desktop/Startup/QalamAndNoor/QalamAndNoor/lib/models/helpers/database_helpers/conversations_db_helper.dart", "Dart", 0, 0, 0, 0, 0, 54, 0, 0, 0, 0, 7, 61
"/Users/macintosh/Desktop/Startup/QalamAndNoor/QalamAndNoor/lib/models/helpers/database_helpers/courses_db_helper.dart", "Dart", 0, 0, 0, 0, 0, 66, 0, 0, 0, 0, 8, 74
"/Users/macintosh/Desktop/Startup/QalamAndNoor/QalamAndNoor/lib/models/helpers/database_helpers/employee_management/employee_auth_db_helper.dart", "Dart", 0, 0, 0, 0, 0, 31, 0, 0, 0, 0, 3, 34
"/Users/macintosh/Desktop/Startup/QalamAndNoor/QalamAndNoor/lib/models/helpers/database_helpers/employee_management/employee_auth_exceptions.dart", "Dart", 0, 0, 0, 0, 0, 6, 0, 0, 0, 0, 3, 9
"/Users/macintosh/Desktop/Startup/QalamAndNoor/QalamAndNoor/lib/models/helpers/database_helpers/employee_management/employee_auth_model.dart", "Dart", 0, 0, 0, 0, 0, 70, 0, 0, 0, 1, 12, 83
"/Users/macintosh/Desktop/Startup/QalamAndNoor/QalamAndNoor/lib/models/helpers/database_helpers/employees_db_helper.dart", "Dart", 0, 0, 0, 0, 0, 89, 0, 0, 0, 0, 9, 98
"/Users/macintosh/Desktop/Startup/QalamAndNoor/QalamAndNoor/lib/models/helpers/database_helpers/exams_db_helper.dart", "Dart", 0, 0, 0, 0, 0, 52, 0, 0, 0, 0, 7, 59
"/Users/macintosh/Desktop/Startup/QalamAndNoor/QalamAndNoor/lib/models/helpers/database_helpers/families_db_helper.dart", "Dart", 0, 0, 0, 0, 0, 67, 0, 0, 0, 0, 9, 76
"/Users/macintosh/Desktop/Startup/QalamAndNoor/QalamAndNoor/lib/models/helpers/database_helpers/father_db_helper.dart", "Dart", 0, 0, 0, 0, 0, 52, 0, 0, 0, 0, 7, 59
"/Users/macintosh/Desktop/Startup/QalamAndNoor/QalamAndNoor/lib/models/helpers/database_helpers/illnesses_db_helper.dart", "Dart", 0, 0, 0, 0, 0, 71, 0, 0, 0, 0, 8, 79
"/Users/macintosh/Desktop/Startup/QalamAndNoor/QalamAndNoor/lib/models/helpers/database_helpers/job_titles_db_helper.dart", "Dart", 0, 0, 0, 0, 0, 57, 0, 0, 0, 0, 7, 64
"/Users/macintosh/Desktop/Startup/QalamAndNoor/QalamAndNoor/lib/models/helpers/database_helpers/medical_records_db_helper.dart", "Dart", 0, 0, 0, 0, 0, 54, 0, 0, 0, 0, 7, 61
"/Users/macintosh/Desktop/Startup/QalamAndNoor/QalamAndNoor/lib/models/helpers/database_helpers/messages_db_helper.dart", "Dart", 0, 0, 0, 0, 0, 71, 0, 0, 0, 0, 9, 80
"/Users/macintosh/Desktop/Startup/QalamAndNoor/QalamAndNoor/lib/models/helpers/database_helpers/mother_db_helper.dart", "Dart", 0, 0, 0, 0, 0, 52, 0, 0, 0, 0, 7, 59
"/Users/macintosh/Desktop/Startup/QalamAndNoor/QalamAndNoor/lib/models/helpers/database_helpers/mothers_db_helper.dart", "Dart", 0, 0, 0, 0, 0, 52, 0, 0, 0, 0, 6, 58
"/Users/macintosh/Desktop/Startup/QalamAndNoor/QalamAndNoor/lib/models/helpers/database_helpers/previous_schools_helpers/previous_schools_db_helper.dart", "Dart", 0, 0, 0, 0, 0, 51, 0, 0, 0, 0, 7, 58
"/Users/macintosh/Desktop/Startup/QalamAndNoor/QalamAndNoor/lib/models/helpers/database_helpers/previous_schools_helpers/student_previous_schools_db_helper.dart", "Dart", 0, 0, 0, 0, 0, 56, 0, 0, 0, 0, 7, 63
"/Users/macintosh/Desktop/Startup/QalamAndNoor/QalamAndNoor/lib/models/helpers/database_helpers/psychological_statuses_db_helper.dart", "Dart", 0, 0, 0, 0, 0, 56, 0, 0, 0, 0, 6, 62
"/Users/macintosh/Desktop/Startup/QalamAndNoor/QalamAndNoor/lib/models/helpers/database_helpers/public_records_db_helper.dart", "Dart", 0, 0, 0, 0, 0, 36, 0, 0, 0, 0, 4, 40
"/Users/macintosh/Desktop/Startup/QalamAndNoor/QalamAndNoor/lib/models/helpers/database_helpers/responsible_person_db_helper.dart", "Dart", 0, 0, 0, 0, 0, 54, 0, 0, 0, 0, 7, 61
"/Users/macintosh/Desktop/Startup/QalamAndNoor/QalamAndNoor/lib/models/helpers/database_helpers/responsible_persons_db_helper.dart", "Dart", 0, 0, 0, 0, 0, 55, 0, 0, 0, 0, 6, 61
"/Users/macintosh/Desktop/Startup/QalamAndNoor/QalamAndNoor/lib/models/helpers/database_helpers/school_classes_db_helper.dart", "Dart", 0, 0, 0, 0, 0, 51, 0, 0, 0, 0, 7, 58
"/Users/macintosh/Desktop/Startup/QalamAndNoor/QalamAndNoor/lib/models/helpers/database_helpers/school_year_classrooms_db_helper.dart", "Dart", 0, 0, 0, 0, 0, 56, 0, 0, 0, 0, 7, 63
"/Users/macintosh/Desktop/Startup/QalamAndNoor/QalamAndNoor/lib/models/helpers/database_helpers/school_years_db_helper.dart", "Dart", 0, 0, 0, 0, 0, 65, 0, 0, 0, 0, 8, 73
"/Users/macintosh/Desktop/Startup/QalamAndNoor/QalamAndNoor/lib/models/helpers/database_helpers/semester_exams_db_helper.dart", "Dart", 0, 0, 0, 0, 0, 54, 0, 0, 0, 0, 7, 61
"/Users/macintosh/Desktop/Startup/QalamAndNoor/QalamAndNoor/lib/models/helpers/database_helpers/semesters_db_helper.dart", "Dart", 0, 0, 0, 0, 0, 0, 0, 0, 0, 0, 1, 1
"/Users/macintosh/Desktop/Startup/QalamAndNoor/QalamAndNoor/lib/models/helpers/database_helpers/statistics_db_helper.dart", "Dart", 0, 0, 0, 0, 0, 62, 0, 0, 0, 0, 5, 67
"/Users/macintosh/Desktop/Startup/QalamAndNoor/QalamAndNoor/lib/models/helpers/database_helpers/student_illnesses_db_helper.dart", "Dart", 0, 0, 0, 0, 0, 54, 0, 0, 0, 0, 7, 61
"/Users/macintosh/Desktop/Startup/QalamAndNoor/QalamAndNoor/lib/models/helpers/database_helpers/student_previous_schools_db_helper.dart", "Dart", 0, 0, 0, 0, 0, 53, 0, 0, 0, 0, 7, 60
"/Users/macintosh/Desktop/Startup/QalamAndNoor/QalamAndNoor/lib/models/helpers/database_helpers/student_psychological_statuses_db_helper.dart", "Dart", 0, 0, 0, 0, 0, 75, 0, 0, 0, 0, 9, 84
"/Users/macintosh/Desktop/Startup/QalamAndNoor/QalamAndNoor/lib/models/helpers/database_helpers/students_db_helper.dart", "Dart", 0, 0, 0, 0, 0, 124, 0, 0, 0, 0, 12, 136
"/Users/macintosh/Desktop/Startup/QalamAndNoor/QalamAndNoor/lib/models/helpers/database_helpers/taken_vaccines_db_helper.dart", "Dart", 0, 0, 0, 0, 0, 54, 0, 0, 0, 0, 6, 60
"/Users/macintosh/Desktop/Startup/QalamAndNoor/QalamAndNoor/lib/models/helpers/database_helpers/vaccines_db_helper.dart", "Dart", 0, 0, 0, 0, 0, 72, 0, 0, 0, 0, 8, 80
"/Users/macintosh/Desktop/Startup/QalamAndNoor/QalamAndNoor/lib/models/helpers/database_helpers/web_conversation_db_helper.dart", "Dart", 0, 0, 0, 0, 0, 51, 0, 0, 0, 0, 5, 56
"/Users/macintosh/Desktop/Startup/QalamAndNoor/QalamAndNoor/lib/models/helpers/database_helpers/year_records_db_helper.dart", "Dart", 0, 0, 0, 0, 0, 54, 0, 0, 0, 0, 8, 62
"/Users/macintosh/Desktop/Startup/QalamAndNoor/QalamAndNoor/lib/models/helpers/destinations_helper.dart", "Dart", 0, 0, 0, 0, 0, 141, 0, 0, 0, 0, 8, 149
"/Users/macintosh/Desktop/Startup/QalamAndNoor/QalamAndNoor/lib/models/medical/illness.dart", "Dart", 0, 0, 0, 0, 0, 42, 0, 0, 0, 1, 11, 54
"/Users/macintosh/Desktop/Startup/QalamAndNoor/QalamAndNoor/lib/models/medical/medical_record.dart", "Dart", 0, 0, 0, 0, 0, 52, 0, 0, 0, 1, 11, 64
"/Users/macintosh/Desktop/Startup/QalamAndNoor/QalamAndNoor/lib/models/medical/psychological_status.dart", "Dart", 0, 0, 0, 0, 0, 42, 0, 0, 0, 1, 11, 54
"/Users/macintosh/Desktop/Startup/QalamAndNoor/QalamAndNoor/lib/models/medical/student_illness.dart", "Dart", 0, 0, 0, 0, 0, 64, 0, 0, 0, 1, 11, 76
"/Users/macintosh/Desktop/Startup/QalamAndNoor/QalamAndNoor/lib/models/medical/student_illness_info.dart", "Dart", 0, 0, 0, 0, 0, 53, 0, 0, 0, 1, 11, 65
"/Users/macintosh/Desktop/Startup/QalamAndNoor/QalamAndNoor/lib/models/medical/student_psychological_status.dart", "Dart", 0, 0, 0, 0, 0, 67, 0, 0, 0, 2, 12, 81
"/Users/macintosh/Desktop/Startup/QalamAndNoor/QalamAndNoor/lib/models/medical/student_vaccines_info.dart", "Dart", 0, 0, 0, 0, 0, 64, 0, 0, 0, 1, 11, 76
"/Users/macintosh/Desktop/Startup/QalamAndNoor/QalamAndNoor/lib/models/medical/taken_vaccine.dart", "Dart", 0, 0, 0, 0, 0, 72, 0, 0, 0, 1, 11, 84
"/Users/macintosh/Desktop/Startup/QalamAndNoor/QalamAndNoor/lib/models/medical/vaccine.dart", "Dart", 0, 0, 0, 0, 0, 42, 0, 0, 0, 1, 11, 54
"/Users/macintosh/Desktop/Startup/QalamAndNoor/QalamAndNoor/lib/models/previous_schools/previous_schools.dart", "Dart", 0, 0, 0, 0, 0, 49, 0, 0, 0, 1, 11, 61
"/Users/macintosh/Desktop/Startup/QalamAndNoor/QalamAndNoor/lib/models/previous_schools/student_previous_school.dart", "Dart", 0, 0, 0, 0, 0, 65, 0, 0, 0, 1, 11, 77
"/Users/macintosh/Desktop/Startup/QalamAndNoor/QalamAndNoor/lib/models/public_record.dart", "Dart", 0, 0, 0, 0, 0, 177, 0, 0, 0, 1, 11, 189
"/Users/macintosh/Desktop/Startup/QalamAndNoor/QalamAndNoor/lib/models/shared_prefs_helper.dart", "Dart", 0, 0, 0, 0, 0, 61, 0, 0, 0, 1, 12, 74
"/Users/macintosh/Desktop/Startup/QalamAndNoor/QalamAndNoor/lib/models/stats_models/psychological_status_student_count.dart", "Dart", 0, 0, 0, 0, 0, 54, 0, 0, 0, 1, 11, 66
"/Users/macintosh/Desktop/Startup/QalamAndNoor/QalamAndNoor/lib/models/student_registration_model.dart", "Dart", 0, 0, 0, 0, 0, 141, 0, 0, 0, 1, 15, 157
"/Users/macintosh/Desktop/Startup/QalamAndNoor/QalamAndNoor/lib/models/weather_api/weather_api_helper.dart", "Dart", 0, 0, 0, 0, 0, 25, 0, 0, 0, 0, 3, 28
"/Users/macintosh/Desktop/Startup/QalamAndNoor/QalamAndNoor/lib/models/weather_api/weather_forecast.dart", "Dart", 0, 0, 0, 0, 0, 164, 0, 0, 0, 1, 23, 188
"/Users/macintosh/Desktop/Startup/QalamAndNoor/QalamAndNoor/lib/pages/other/main_page/views/not_yet_supported_page.dart", "Dart", 0, 0, 0, 0, 0, 37, 0, 0, 0, 0, 4, 41
"/Users/macintosh/Desktop/Startup/QalamAndNoor/QalamAndNoor/lib/pages/psychological_instructor/dashboard_page/controller/psychological_instructor_dashboard_controller.dart", "Dart", 0, 0, 0, 0, 0, 45, 0, 0, 0, 0, 6, 51
"/Users/macintosh/Desktop/Startup/QalamAndNoor/QalamAndNoor/lib/pages/psychological_instructor/dashboard_page/models/psychological_instructor_dashboard_cards_info.dart", "Dart", 0, 0, 0, 0, 0, 16, 0, 0, 0, 1, 2, 19
"/Users/macintosh/Desktop/Startup/QalamAndNoor/QalamAndNoor/lib/pages/psychological_instructor/dashboard_page/views/psychological_instructor_dashboard.dart", "Dart", 0, 0, 0, 0, 0, 190, 0, 0, 0, 0, 5, 195
"/Users/macintosh/Desktop/Startup/QalamAndNoor/QalamAndNoor/lib/pages/psychological_instructor/dashboard_page/views/widgets/psychological_statuses_pie_chart_widget.dart", "Dart", 0, 0, 0, 0, 0, 54, 0, 0, 0, 3, 3, 60
"/Users/macintosh/Desktop/Startup/QalamAndNoor/QalamAndNoor/lib/pages/psychological_instructor/student_fill_psychological_statuses_page/assign_student_psychological_info_page/controllers/assign_student_psychological_info_controller.dart", "Dart", 0, 0, 0, 0, 0, 74, 0, 0, 0, 0, 8, 82
"/Users/macintosh/Desktop/Startup/QalamAndNoor/QalamAndNoor/lib/pages/psychological_instructor/student_fill_psychological_statuses_page/assign_student_psychological_info_page/views/assign_student_psychological_info_page.dart", "Dart", 0, 0, 0, 0, 0, 56, 0, 0, 0, 0, 3, 59
"/Users/macintosh/Desktop/Startup/QalamAndNoor/QalamAndNoor/lib/pages/psychological_instructor/student_fill_psychological_statuses_page/assign_student_psychological_info_page/views/widgets/student_psychological_status_card.dart", "Dart", 0, 0, 0, 0, 0, 160, 0, 0, 0, 0, 5, 165
"/Users/macintosh/Desktop/Startup/QalamAndNoor/QalamAndNoor/lib/pages/psychological_instructor/student_fill_psychological_statuses_page/assign_student_psychological_info_page/views/widgets/student_psychological_status_list.dart", "Dart", 0, 0, 0, 0, 0, 92, 0, 0, 0, 0, 3, 95
"/Users/macintosh/Desktop/Startup/QalamAndNoor/QalamAndNoor/lib/pages/psychological_instructor/student_fill_psychological_statuses_page/main_page/controllers/student_fill_psychological_statuses_controller.dart", "Dart", 0, 0, 0, 0, 0, 82, 0, 0, 0, 0, 11, 93
"/Users/macintosh/Desktop/Startup/QalamAndNoor/QalamAndNoor/lib/pages/psychological_instructor/student_fill_psychological_statuses_page/main_page/views/student_fill_psychological_statuses_page.dart", "Dart", 0, 0, 0, 0, 0, 196, 0, 0, 0, 2, 5, 203
"/Users/macintosh/Desktop/Startup/QalamAndNoor/QalamAndNoor/lib/pages/psychological_instructor/student_fill_psychological_statuses_page/main_page/views/widgets/student_fill_psychological_status_card.dart", "Dart", 0, 0, 0, 0, 0, 132, 0, 0, 0, 0, 2, 134
"/Users/macintosh/Desktop/Startup/QalamAndNoor/QalamAndNoor/lib/pages/secretary/addresses_management_page/area_details_page/controllers/area_details_controller.dart", "Dart", 0, 0, 0, 0, 0, 68, 0, 0, 0, 1, 10, 79
"/Users/macintosh/Desktop/Startup/QalamAndNoor/QalamAndNoor/lib/pages/secretary/addresses_management_page/area_details_page/controllers/dialog_controllers/add_or_edit_address_dialog_controller.dart", "Dart", 0, 0, 0, 0, 0, 65, 0, 0, 0, 0, 8, 73
"/Users/macintosh/Desktop/Startup/QalamAndNoor/QalamAndNoor/lib/pages/secretary/addresses_management_page/area_details_page/views/area_details_page.dart", "Dart", 0, 0, 0, 0, 0, 168, 0, 0, 0, 1, 4, 173
"/Users/macintosh/Desktop/Startup/QalamAndNoor/QalamAndNoor/lib/pages/secretary/addresses_management_page/area_details_page/views/widgets/add_or_edit_address_dialog.dart", "Dart", 0, 0, 0, 0, 0, 95, 0, 0, 0, 1, 3, 99
"/Users/macintosh/Desktop/Startup/QalamAndNoor/QalamAndNoor/lib/pages/secretary/addresses_management_page/city_details_page/controllers/city_details_controller.dart", "Dart", 0, 0, 0, 0, 0, 67, 0, 0, 0, 1, 10, 78
"/Users/macintosh/Desktop/Startup/QalamAndNoor/QalamAndNoor/lib/pages/secretary/addresses_management_page/city_details_page/controllers/dialog_controllers/add_or_edit_area_controller.dart", "Dart", 0, 0, 0, 0, 0, 58, 0, 0, 0, 0, 7, 65
"/Users/macintosh/Desktop/Startup/QalamAndNoor/QalamAndNoor/lib/pages/secretary/addresses_management_page/city_details_page/views/city_details_page.dart", "Dart", 0, 0, 0, 0, 0, 134, 0, 0, 0, 0, 3, 137
"/Users/macintosh/Desktop/Startup/QalamAndNoor/QalamAndNoor/lib/pages/secretary/addresses_management_page/city_details_page/views/widgets/add_or_edit_area_dialog.dart", "Dart", 0, 0, 0, 0, 0, 87, 0, 0, 0, 1, 4, 92
"/Users/macintosh/Desktop/Startup/QalamAndNoor/QalamAndNoor/lib/pages/secretary/addresses_management_page/city_details_page/views/widgets/area_card.dart", "Dart", 0, 0, 0, 0, 0, 87, 0, 0, 0, 64, 9, 160
"/Users/macintosh/Desktop/Startup/QalamAndNoor/QalamAndNoor/lib/pages/secretary/addresses_management_page/main_page/controllers/address_management_controller.dart", "Dart", 0, 0, 0, 0, 0, 70, 0, 0, 0, 1, 12, 83
"/Users/macintosh/Desktop/Startup/QalamAndNoor/QalamAndNoor/lib/pages/secretary/addresses_management_page/main_page/controllers/addresses_management_stats_controller.dart", "Dart", 0, 0, 0, 0, 0, 49, 0, 0, 0, 1, 14, 64
"/Users/macintosh/Desktop/Startup/QalamAndNoor/QalamAndNoor/lib/pages/secretary/addresses_management_page/main_page/controllers/dialog_controllers/add_or_edit_city_dialog_controller.dart", "Dart", 0, 0, 0, 0, 0, 54, 0, 0, 0, 0, 7, 61
"/Users/macintosh/Desktop/Startup/QalamAndNoor/QalamAndNoor/lib/pages/secretary/addresses_management_page/main_page/models/city_to_descendent_count.dart", "Dart", 0, 0, 0, 0, 0, 45, 0, 0, 0, 1, 12, 58
"/Users/macintosh/Desktop/Startup/QalamAndNoor/QalamAndNoor/lib/pages/secretary/addresses_management_page/main_page/views/addresses_management_page.dart", "Dart", 0, 0, 0, 0, 0, 237, 0, 0, 0, 1, 5, 243
"/Users/macintosh/Desktop/Startup/QalamAndNoor/QalamAndNoor/lib/pages/secretary/addresses_management_page/main_page/views/dialogs/add_or_edit_city_dialog.dart", "Dart", 0, 0, 0, 0, 0, 84, 0, 0, 0, 1, 4, 89
"/Users/macintosh/Desktop/Startup/QalamAndNoor/QalamAndNoor/lib/pages/secretary/addresses_management_page/main_page/views/widgets/cities_table.dart", "Dart", 0, 0, 0, 0, 0, 83, 0, 0, 0, 0, 4, 87
"/Users/macintosh/Desktop/Startup/QalamAndNoor/QalamAndNoor/lib/pages/secretary/addresses_management_page/main_page/views/widgets/cities_to_descendent_count_pie_chart.dart", "Dart", 0, 0, 0, 0, 0, 82, 0, 0, 0, 3, 5, 90
"/Users/macintosh/Desktop/Startup/QalamAndNoor/QalamAndNoor/lib/pages/secretary/addresses_management_page/main_page/views/widgets/city_row.dart", "Dart", 0, 0, 0, 0, 0, 70, 0, 0, 0, 1, 4, 75
"/Users/macintosh/Desktop/Startup/QalamAndNoor/QalamAndNoor/lib/pages/secretary/addresses_management_page/main_page/views/widgets/numeric_stats_widget.dart", "Dart", 0, 0, 0, 0, 0, 66, 0, 0, 0, 0, 4, 70
"/Users/macintosh/Desktop/Startup/QalamAndNoor/QalamAndNoor/lib/pages/secretary/dashboard_page/controllers/secretary_dashboard_controller.dart", "Dart", 0, 0, 0, 0, 0, 50, 0, 0, 0, 0, 11, 61
"/Users/macintosh/Desktop/Startup/QalamAndNoor/QalamAndNoor/lib/pages/secretary/dashboard_page/views/secretary_dashboard_page.dart", "Dart", 0, 0, 0, 0, 0, 215, 0, 0, 0, 15, 7, 237
"/Users/macintosh/Desktop/Startup/QalamAndNoor/QalamAndNoor/lib/pages/secretary/dashboard_page/views/widgets/current_time_widget.dart", "Dart", 0, 0, 0, 0, 0, 40, 0, 0, 0, 0, 3, 43
"/Users/macintosh/Desktop/Startup/QalamAndNoor/QalamAndNoor/lib/pages/secretary/dashboard_page/views/widgets/current_weather_widget.dart", "Dart", 0, 0, 0, 0, 0, 165, 0, 0, 0, 0, 4, 169
"/Users/macintosh/Desktop/Startup/QalamAndNoor/QalamAndNoor/lib/pages/secretary/dashboard_page/views/widgets/daily_quote_widget.dart", "Dart", 0, 0, 0, 0, 0, 81, 0, 0, 0, 1, 5, 87
"/Users/macintosh/Desktop/Startup/QalamAndNoor/QalamAndNoor/lib/pages/secretary/dashboard_page/views/widgets/student_count_widget.dart", "Dart", 0, 0, 0, 0, 0, 83, 0, 0, 0, 0, 3, 86
"/Users/macintosh/Desktop/Startup/QalamAndNoor/QalamAndNoor/lib/pages/secretary/dashboard_page/views/widgets/teachers_count_widget.dart", "Dart", 0, 0, 0, 0, 0, 83, 0, 0, 0, 0, 3, 86
"/Users/macintosh/Desktop/Startup/QalamAndNoor/QalamAndNoor/lib/pages/secretary/employees_management_page/add_employee_page/controllers/add_employee_controller.dart", "Dart", 0, 0, 0, 0, 0, 97, 0, 0, 0, 0, 8, 105
"/Users/macintosh/Desktop/Startup/QalamAndNoor/QalamAndNoor/lib/pages/secretary/employees_management_page/add_employee_page/controllers/widget_controllers/employee_registration_form_controller.dart", "Dart", 0, 0, 0, 0, 0, 202, 0, 0, 0, 0, 14, 216
"/Users/macintosh/Desktop/Startup/QalamAndNoor/QalamAndNoor/lib/pages/secretary/employees_management_page/add_employee_page/models/employee_credentials_generator.dart", "Dart", 0, 0, 0, 0, 0, 68, 0, 0, 0, 0, 6, 74
"/Users/macintosh/Desktop/Startup/QalamAndNoor/QalamAndNoor/lib/pages/secretary/employees_management_page/add_employee_page/models/employee_registration_section.dart", "Dart", 0, 0, 0, 0, 0, 11, 0, 0, 0, 1, 3, 15
"/Users/macintosh/Desktop/Startup/QalamAndNoor/QalamAndNoor/lib/pages/secretary/employees_management_page/add_employee_page/views/add_employee_page.dart", "Dart", 0, 0, 0, 0, 0, 99, 0, 0, 0, 2, 3, 104
"/Users/macintosh/Desktop/Startup/QalamAndNoor/QalamAndNoor/lib/pages/secretary/employees_management_page/add_employee_page/views/widgets/employee_registration_form.dart", "Dart", 0, 0, 0, 0, 0, 301, 0, 0, 0, 0, 4, 305
"/Users/macintosh/Desktop/Startup/QalamAndNoor/QalamAndNoor/lib/pages/secretary/employees_management_page/add_employee_page/views/widgets/employee_section_title_widget.dart", "Dart", 0, 0, 0, 0, 0, 74, 0, 0, 0, 0, 4, 78
"/Users/macintosh/Desktop/Startup/QalamAndNoor/QalamAndNoor/lib/pages/secretary/employees_management_page/main_page/controllers/employees_management_controller.dart", "Dart", 0, 0, 0, 0, 0, 100, 0, 0, 0, 0, 9, 109
"/Users/macintosh/Desktop/Startup/QalamAndNoor/QalamAndNoor/lib/pages/secretary/employees_management_page/main_page/models/employee_management_constants.dart", "Dart", 0, 0, 0, 0, 0, 28, 0, 0, 0, 0, 4, 32
"/Users/macintosh/Desktop/Startup/QalamAndNoor/QalamAndNoor/lib/pages/secretary/employees_management_page/main_page/views/employees_management_page.dart", "Dart", 0, 0, 0, 0, 0, 186, 0, 0, 0, 0, 4, 190
"/Users/macintosh/Desktop/Startup/QalamAndNoor/QalamAndNoor/lib/pages/secretary/employees_management_page/main_page/views/widgets/employee_row.dart", "Dart", 0, 0, 0, 0, 0, 115, 0, 0, 0, 0, 2, 117
"/Users/macintosh/Desktop/Startup/QalamAndNoor/QalamAndNoor/lib/pages/secretary/employees_management_page/main_page/views/widgets/employees_table.dart", "Dart", 0, 0, 0, 0, 0, 172, 0, 0, 0, 0, 2, 174
"/Users/macintosh/Desktop/Startup/QalamAndNoor/QalamAndNoor/lib/pages/secretary/medicals_management_page/illnesses_management_subpage/controllers/dialog_controllers/add_or_edit_illness_dialog_controller.dart", "Dart", 0, 0, 0, 0, 0, 52, 0, 0, 0, 0, 6, 58
"/Users/macintosh/Desktop/Startup/QalamAndNoor/QalamAndNoor/lib/pages/secretary/medicals_management_page/illnesses_management_subpage/controllers/illness_management_controller.dart", "Dart", 0, 0, 0, 0, 0, 75, 0, 0, 0, 0, 10, 85
"/Users/macintosh/Desktop/Startup/QalamAndNoor/QalamAndNoor/lib/pages/secretary/medicals_management_page/illnesses_management_subpage/views/dialogs/add_or_edit_illness_dialog.dart", "Dart", 0, 0, 0, 0, 0, 85, 0, 0, 0, 0, 2, 87
"/Users/macintosh/Desktop/Startup/QalamAndNoor/QalamAndNoor/lib/pages/secretary/medicals_management_page/illnesses_management_subpage/views/illnesses_management_page.dart", "Dart", 0, 0, 0, 0, 0, 78, 0, 0, 0, 0, 3, 81
"/Users/macintosh/Desktop/Startup/QalamAndNoor/QalamAndNoor/lib/pages/secretary/medicals_management_page/illnesses_management_subpage/views/widgets/illness_row.dart", "Dart", 0, 0, 0, 0, 0, 61, 0, 0, 0, 0, 2, 63
"/Users/macintosh/Desktop/Startup/QalamAndNoor/QalamAndNoor/lib/pages/secretary/medicals_management_page/illnesses_management_subpage/views/widgets/illnesses_table.dart", "Dart", 0, 0, 0, 0, 0, 79, 0, 0, 0, 0, 2, 81
"/Users/macintosh/Desktop/Startup/QalamAndNoor/QalamAndNoor/lib/pages/secretary/medicals_management_page/main_page/controllers/medicals_management_controller.dart", "Dart", 0, 0, 0, 0, 0, 29, 0, 0, 0, 0, 2, 31
"/Users/macintosh/Desktop/Startup/QalamAndNoor/QalamAndNoor/lib/pages/secretary/medicals_management_page/main_page/views/medicals_management_page.dart", "Dart", 0, 0, 0, 0, 0, 144, 0, 0, 0, 0, 5, 149
"/Users/macintosh/Desktop/Startup/QalamAndNoor/QalamAndNoor/lib/pages/secretary/medicals_management_page/main_page/views/widgets/medicals_management_tabbar_item.dart", "Dart", 0, 0, 0, 0, 0, 53, 0, 0, 0, 0, 4, 57
"/Users/macintosh/Desktop/Startup/QalamAndNoor/QalamAndNoor/lib/pages/secretary/medicals_management_page/psychological_statuses_management_subpage/controllers/dialog_controllers/add_or_edit_psychological_status_dialog_controller.dart", "Dart", 0, 0, 0, 0, 0, 58, 0, 0, 0, 0, 6, 64
"/Users/macintosh/Desktop/Startup/QalamAndNoor/QalamAndNoor/lib/pages/secretary/medicals_management_page/psychological_statuses_management_subpage/controllers/psychological_statuses_management_controller.dart", "Dart", 0, 0, 0, 0, 0, 80, 0, 0, 0, 0, 9, 89
"/Users/macintosh/Desktop/Startup/QalamAndNoor/QalamAndNoor/lib/pages/secretary/medicals_management_page/psychological_statuses_management_subpage/views/dialogs/add_or_edit_psychological_status_dialog.dart", "Dart", 0, 0, 0, 0, 0, 88, 0, 0, 0, 0, 2, 90
"/Users/macintosh/Desktop/Startup/QalamAndNoor/QalamAndNoor/lib/pages/secretary/medicals_management_page/psychological_statuses_management_subpage/views/psychological_statuses_management_page.dart", "Dart", 0, 0, 0, 0, 0, 80, 0, 0, 0, 114, 5, 199
"/Users/macintosh/Desktop/Startup/QalamAndNoor/QalamAndNoor/lib/pages/secretary/medicals_management_page/psychological_statuses_management_subpage/views/widgets/psychological_status_row.dart", "Dart", 0, 0, 0, 0, 0, 63, 0, 0, 0, 0, 3, 66
"/Users/macintosh/Desktop/Startup/QalamAndNoor/QalamAndNoor/lib/pages/secretary/medicals_management_page/psychological_statuses_management_subpage/views/widgets/psychological_statuses_table.dart", "Dart", 0, 0, 0, 0, 0, 81, 0, 0, 0, 0, 2, 83
"/Users/macintosh/Desktop/Startup/QalamAndNoor/QalamAndNoor/lib/pages/secretary/medicals_management_page/vaccines_management_subpage/controllers/dialog_controllers/add_or_edit_vaccine_dialog_controller.dart", "Dart", 0, 0, 0, 0, 0, 54, 0, 0, 0, 0, 6, 60
"/Users/macintosh/Desktop/Startup/QalamAndNoor/QalamAndNoor/lib/pages/secretary/medicals_management_page/vaccines_management_subpage/controllers/vaccines_management_controller.dart", "Dart", 0, 0, 0, 0, 0, 73, 0, 0, 0, 15, 17, 105
"/Users/macintosh/Desktop/Startup/QalamAndNoor/QalamAndNoor/lib/pages/secretary/medicals_management_page/vaccines_management_subpage/views/dialogs/add_or_edit_vaccine_dialog.dart", "Dart", 0, 0, 0, 0, 0, 85, 0, 0, 0, 0, 2, 87
"/Users/macintosh/Desktop/Startup/QalamAndNoor/QalamAndNoor/lib/pages/secretary/medicals_management_page/vaccines_management_subpage/views/vaccines_management_page.dart", "Dart", 0, 0, 0, 0, 0, 77, 0, 0, 0, 195, 8, 280
"/Users/macintosh/Desktop/Startup/QalamAndNoor/QalamAndNoor/lib/pages/secretary/medicals_management_page/vaccines_management_subpage/views/widgets/vaccine_row.dart", "Dart", 0, 0, 0, 0, 0, 61, 0, 0, 0, 0, 3, 64
"/Users/macintosh/Desktop/Startup/QalamAndNoor/QalamAndNoor/lib/pages/secretary/medicals_management_page/vaccines_management_subpage/views/widgets/vaccines_table.dart", "Dart", 0, 0, 0, 0, 0, 78, 0, 0, 0, 0, 2, 80
"/Users/macintosh/Desktop/Startup/QalamAndNoor/QalamAndNoor/lib/pages/secretary/previous_schools/controllers/dialog_controllers/add_or_edit_previous_school_dialog_controller.dart", "Dart", 0, 0, 0, 0, 0, 63, 0, 0, 0, 0, 7, 70
"/Users/macintosh/Desktop/Startup/QalamAndNoor/QalamAndNoor/lib/pages/secretary/previous_schools/views/dialogs/add_or_edit_previous_school_dialog.dart", "Dart", 0, 0, 0, 0, 0, 97, 0, 0, 0, 0, 5, 102
"/Users/macintosh/Desktop/Startup/QalamAndNoor/QalamAndNoor/lib/pages/secretary/public_record_page/controllers/public_record_controller.dart", "Dart", 0, 0, 0, 0, 0, 36, 0, 0, 0, 0, 5, 41
"/Users/macintosh/Desktop/Startup/QalamAndNoor/QalamAndNoor/lib/pages/secretary/public_record_page/views/public_record_page.dart", "Dart", 0, 0, 0, 0, 0, 109, 0, 0, 0, 0, 4, 113
"/Users/macintosh/Desktop/Startup/QalamAndNoor/QalamAndNoor/lib/pages/secretary/public_record_page/views/widgets/public_record_row.dart", "Dart", 0, 0, 0, 0, 0, 198, 0, 0, 0, 5, 4, 207
"/Users/macintosh/Desktop/Startup/QalamAndNoor/QalamAndNoor/lib/pages/secretary/public_record_page/views/widgets/public_record_table.dart", "Dart", 0, 0, 0, 0, 0, 247, 0, 0, 0, 0, 3, 250
"/Users/macintosh/Desktop/Startup/QalamAndNoor/QalamAndNoor/lib/pages/secretary/school_classes_management_page/courses_management/controllers/courses_management_controller.dart", "Dart", 0, 0, 0, 0, 0, 108, 0, 0, 0, 0, 9, 117
"/Users/macintosh/Desktop/Startup/QalamAndNoor/QalamAndNoor/lib/pages/secretary/school_classes_management_page/courses_management/controllers/dialog_controllers/add_or_edit_course_dialog_controller.dart", "Dart", 0, 0, 0, 0, 0, 130, 0, 0, 0, 2, 13, 145
"/Users/macintosh/Desktop/Startup/QalamAndNoor/QalamAndNoor/lib/pages/secretary/school_classes_management_page/courses_management/views/courses_management_page.dart", "Dart", 0, 0, 0, 0, 0, 135, 0, 0, 0, 0, 3, 138
"/Users/macintosh/Desktop/Startup/QalamAndNoor/QalamAndNoor/lib/pages/secretary/school_classes_management_page/courses_management/views/widgets/add_or_edit_course_dialog.dart", "Dart", 0, 0, 0, 0, 0, 211, 0, 0, 0, 0, 3, 214
"/Users/macintosh/Desktop/Startup/QalamAndNoor/QalamAndNoor/lib/pages/secretary/school_classes_management_page/courses_management/views/widgets/course_row.dart", "Dart", 0, 0, 0, 0, 0, 91, 0, 0, 0, 0, 3, 94
"/Users/macintosh/Desktop/Startup/QalamAndNoor/QalamAndNoor/lib/pages/secretary/school_classes_management_page/courses_management/views/widgets/courses_table.dart", "Dart", 0, 0, 0, 0, 0, 130, 0, 0, 0, 0, 3, 133
"/Users/macintosh/Desktop/Startup/QalamAndNoor/QalamAndNoor/lib/pages/secretary/school_classes_management_page/main_page/controllers/dialog_controllers/add_or_edit_school_class_dialog_controller.dart", "Dart", 0, 0, 0, 0, 0, 54, 0, 0, 0, 2, 6, 62
"/Users/macintosh/Desktop/Startup/QalamAndNoor/QalamAndNoor/lib/pages/secretary/school_classes_management_page/main_page/controllers/school_classes_management_controller.dart", "Dart", 0, 0, 0, 0, 0, 68, 0, 0, 0, 0, 9, 77
"/Users/macintosh/Desktop/Startup/QalamAndNoor/QalamAndNoor/lib/pages/secretary/school_classes_management_page/main_page/views/dialogs/add_or_edit_school_class_dialog.dart", "Dart", 0, 0, 0, 0, 0, 85, 0, 0, 0, 0, 3, 88
"/Users/macintosh/Desktop/Startup/QalamAndNoor/QalamAndNoor/lib/pages/secretary/school_classes_management_page/main_page/views/school_classes_management_page.dart", "Dart", 0, 0, 0, 0, 0, 141, 0, 0, 0, 1, 4, 146
"/Users/macintosh/Desktop/Startup/QalamAndNoor/QalamAndNoor/lib/pages/secretary/school_classes_management_page/main_page/views/widgets/class_row.dart", "Dart", 0, 0, 0, 0, 0, 127, 0, 0, 0, 3, 2, 132
"/Users/macintosh/Desktop/Startup/QalamAndNoor/QalamAndNoor/lib/pages/secretary/school_classes_management_page/main_page/views/widgets/classes_table.dart", "Dart", 0, 0, 0, 0, 0, 83, 0, 0, 0, 0, 3, 86
"/Users/macintosh/Desktop/Startup/QalamAndNoor/QalamAndNoor/lib/pages/secretary/school_classes_management_page/school_classes_detailes_page/controllers/dialog_controllers/add_or_edit_classroom_dialog_controller.dart", "Dart", 0, 0, 0, 0, 0, 84, 0, 0, 0, 0, 7, 91
"/Users/macintosh/Desktop/Startup/QalamAndNoor/QalamAndNoor/lib/pages/secretary/school_classes_management_page/school_classes_detailes_page/controllers/school_class_details_controller.dart", "Dart", 0, 0, 0, 0, 0, 65, 0, 0, 0, 0, 8, 73
"/Users/macintosh/Desktop/Startup/QalamAndNoor/QalamAndNoor/lib/pages/secretary/school_classes_management_page/school_classes_detailes_page/views/school_class_details_page.dart", "Dart", 0, 0, 0, 0, 0, 147, 0, 0, 0, 0, 4, 151
"/Users/macintosh/Desktop/Startup/QalamAndNoor/QalamAndNoor/lib/pages/secretary/school_classes_management_page/school_classes_detailes_page/views/widgets/add_or_edit_classroom_dialog.dart", "Dart", 0, 0, 0, 0, 0, 121, 0, 0, 0, 0, 2, 123
"/Users/macintosh/Desktop/Startup/QalamAndNoor/QalamAndNoor/lib/pages/secretary/school_classes_management_page/school_classes_detailes_page/views/widgets/classroom_card.dart", "Dart", 0, 0, 0, 0, 0, 81, 0, 0, 0, 0, 4, 85
"/Users/macintosh/Desktop/Startup/QalamAndNoor/QalamAndNoor/lib/pages/secretary/school_classes_management_page/school_classes_detailes_page/views/widgets/classroom_row.dart", "Dart", 0, 0, 0, 0, 0, 74, 0, 0, 0, 0, 3, 77
"/Users/macintosh/Desktop/Startup/QalamAndNoor/QalamAndNoor/lib/pages/secretary/school_classes_management_page/school_classes_detailes_page/views/widgets/classroom_table.dart", "Dart", 0, 0, 0, 0, 0, 98, 0, 0, 0, 0, 4, 102
"/Users/macintosh/Desktop/Startup/QalamAndNoor/QalamAndNoor/lib/pages/secretary/school_inbox_page/conversation_body/controllers/conversation_body_controller.dart", "Dart", 0, 0, 0, 0, 0, 100, 0, 0, 0, 2, 10, 112
"/Users/macintosh/Desktop/Startup/QalamAndNoor/QalamAndNoor/lib/pages/secretary/school_inbox_page/conversation_body/controllers/conversation_communication_controller.dart", "Dart", 0, 0, 0, 0, 0, 93, 0, 0, 0, 0, 7, 100
"/Users/macintosh/Desktop/Startup/QalamAndNoor/QalamAndNoor/lib/pages/secretary/school_inbox_page/conversation_body/controllers/selected_conversation_controller.dart", "Dart", 0, 0, 0, 0, 0, 35, 0, 0, 0, 0, 7, 42
"/Users/macintosh/Desktop/Startup/QalamAndNoor/QalamAndNoor/lib/pages/secretary/school_inbox_page/conversation_body/models/conversation_query.dart", "Dart", 0, 0, 0, 0, 0, 63, 0, 0, 0, 3, 13, 79
"/Users/macintosh/Desktop/Startup/QalamAndNoor/QalamAndNoor/lib/pages/secretary/school_inbox_page/conversation_body/views/conversation_body.dart", "Dart", 0, 0, 0, 0, 0, 19, 0, 0, 0, 0, 3, 22
"/Users/macintosh/Desktop/Startup/QalamAndNoor/QalamAndNoor/lib/pages/secretary/school_inbox_page/conversation_body/views/widgets/chat_bubble.dart", "Dart", 0, 0, 0, 0, 0, 81, 0, 0, 0, 0, 4, 85
"/Users/macintosh/Desktop/Startup/QalamAndNoor/QalamAndNoor/lib/pages/secretary/school_inbox_page/conversation_body/views/widgets/conversation_list_widget.dart", "Dart", 0, 0, 0, 0, 0, 186, 0, 0, 0, 23, 7, 216
"/Users/macintosh/Desktop/Startup/QalamAndNoor/QalamAndNoor/lib/pages/secretary/school_inbox_page/conversation_body/views/widgets/no_conversation_yet_page.dart", "Dart", 0, 0, 0, 0, 0, 31, 0, 0, 0, 0, 3, 34
"/Users/macintosh/Desktop/Startup/QalamAndNoor/QalamAndNoor/lib/pages/secretary/school_inbox_page/conversations_menu/views/conversations_menu.dart", "Dart", 0, 0, 0, 0, 0, 21, 0, 0, 0, 67, 5, 93
"/Users/macintosh/Desktop/Startup/QalamAndNoor/QalamAndNoor/lib/pages/secretary/school_inbox_page/conversations_menu/views/widgets/conversation_card.dart", "Dart", 0, 0, 0, 0, 0, 116, 0, 0, 0, 0, 3, 119
"/Users/macintosh/Desktop/Startup/QalamAndNoor/QalamAndNoor/lib/pages/secretary/school_inbox_page/conversations_menu/views/widgets/conversations_list.dart", "Dart", 0, 0, 0, 0, 0, 93, 0, 0, 0, 0, 3, 96
"/Users/macintosh/Desktop/Startup/QalamAndNoor/QalamAndNoor/lib/pages/secretary/school_inbox_page/main_page/controllers/conversation_fetching_controller.dart", "Dart", 0, 0, 0, 0, 0, 98, 0, 0, 0, 3, 10, 111
"/Users/macintosh/Desktop/Startup/QalamAndNoor/QalamAndNoor/lib/pages/secretary/school_inbox_page/main_page/controllers/conversation_query_controller.dart", "Dart", 0, 0, 0, 0, 0, 48, 0, 0, 0, 0, 5, 53
"/Users/macintosh/Desktop/Startup/QalamAndNoor/QalamAndNoor/lib/pages/secretary/school_inbox_page/main_page/controllers/school_inbox_primary_controller.dart", "Dart", 0, 0, 0, 0, 0, 26, 0, 0, 0, 0, 3, 29
"/Users/macintosh/Desktop/Startup/QalamAndNoor/QalamAndNoor/lib/pages/secretary/school_inbox_page/main_page/controllers/school_inbox_tab_bar_controller.dart", "Dart", 0, 0, 0, 0, 0, 17, 0, 0, 0, 0, 2, 19
"/Users/macintosh/Desktop/Startup/QalamAndNoor/QalamAndNoor/lib/pages/secretary/school_inbox_page/main_page/views/school_inbox_page.dart", "Dart", 0, 0, 0, 0, 0, 122, 0, 0, 0, 0, 3, 125
"/Users/macintosh/Desktop/Startup/QalamAndNoor/QalamAndNoor/lib/pages/secretary/school_inbox_page/main_page/views/widgets/initial_conversation_body.dart", "Dart", 0, 0, 0, 0, 0, 8, 0, 0, 0, 0, 3, 11
"/Users/macintosh/Desktop/Startup/QalamAndNoor/QalamAndNoor/lib/pages/secretary/school_inbox_page/main_page/views/widgets/school_inbox_tabbar.dart", "Dart", 0, 0, 0, 0, 0, 25, 0, 0, 0, 0, 4, 29
"/Users/macintosh/Desktop/Startup/QalamAndNoor/QalamAndNoor/lib/pages/secretary/school_inbox_page/main_page/views/widgets/school_inbox_tabbar_item.dart", "Dart", 0, 0, 0, 0, 0, 46, 0, 0, 0, 0, 4, 50
"/Users/macintosh/Desktop/Startup/QalamAndNoor/QalamAndNoor/lib/pages/secretary/school_year_management/controllers/school_year_management_controller.dart", "Dart", 0, 0, 0, 0, 0, 17, 0, 0, 0, 0, 5, 22
"/Users/macintosh/Desktop/Startup/QalamAndNoor/QalamAndNoor/lib/pages/secretary/school_year_management/views/school_year_management_page.dart", "Dart", 0, 0, 0, 0, 0, 49, 0, 0, 0, 0, 4, 53
"/Users/macintosh/Desktop/Startup/QalamAndNoor/QalamAndNoor/lib/pages/secretary/school_year_management/views/widgets/current_school_year_card.dart", "Dart", 0, 0, 0, 0, 0, 223, 0, 0, 0, 0, 8, 231
"/Users/macintosh/Desktop/Startup/QalamAndNoor/QalamAndNoor/lib/pages/secretary/statistics_page/views/stats_page.dart", "Dart", 0, 0, 0, 0, 0, 20, 0, 0, 0, 0, 3, 23
"/Users/macintosh/Desktop/Startup/QalamAndNoor/QalamAndNoor/lib/pages/secretary/students_management_page/main_page/controllers/students_display_controller.dart", "Dart", 0, 0, 0, 0, 0, 52, 0, 0, 0, 0, 7, 59
"/Users/macintosh/Desktop/Startup/QalamAndNoor/QalamAndNoor/lib/pages/secretary/students_management_page/main_page/views/students_management_page.dart", "Dart", 0, 0, 0, 0, 0, 125, 0, 0, 0, 0, 3, 128
"/Users/macintosh/Desktop/Startup/QalamAndNoor/QalamAndNoor/lib/pages/secretary/students_management_page/main_page/views/widgets/student_row.dart", "Dart", 0, 0, 0, 0, 0, 61, 0, 0, 0, 1, 2, 64
"/Users/macintosh/Desktop/Startup/QalamAndNoor/QalamAndNoor/lib/pages/secretary/students_management_page/main_page/views/widgets/students_table.dart", "Dart", 0, 0, 0, 0, 0, 78, 0, 0, 0, 0, 2, 80
"/Users/macintosh/Desktop/Startup/QalamAndNoor/QalamAndNoor/lib/pages/secretary/students_management_page/new_student_registration/address_information/controllers/dialog_controllers/student_address_info_dialog_controller.dart", "Dart", 0, 0, 0, 0, 0, 149, 0, 0, 0, 0, 20, 169
"/Users/macintosh/Desktop/Startup/QalamAndNoor/QalamAndNoor/lib/pages/secretary/students_management_page/new_student_registration/address_information/controllers/student_address_info_controller.dart", "Dart", 0, 0, 0, 0, 0, 12, 0, 0, 0, 0, 3, 15
"/Users/macintosh/Desktop/Startup/QalamAndNoor/QalamAndNoor/lib/pages/secretary/students_management_page/new_student_registration/address_information/models/student_address_info.dart", "Dart", 0, 0, 0, 0, 0, 13, 0, 0, 0, 1, 2, 16
"/Users/macintosh/Desktop/Startup/QalamAndNoor/QalamAndNoor/lib/pages/secretary/students_management_page/new_student_registration/address_information/views/dialogs/student_address_info_dialog.dart", "Dart", 0, 0, 0, 0, 0, 309, 0, 0, 0, 3, 4, 316
"/Users/macintosh/Desktop/Startup/QalamAndNoor/QalamAndNoor/lib/pages/secretary/students_management_page/new_student_registration/address_information/views/widgets/student_address_info_widget.dart", "Dart", 0, 0, 0, 0, 0, 93, 0, 0, 0, 0, 4, 97
"/Users/macintosh/Desktop/Startup/QalamAndNoor/QalamAndNoor/lib/pages/secretary/students_management_page/new_student_registration/enrolled_class_information/controllers/dialog_controllers/add_student_enrolled_class_info_dialog_controller.dart", "Dart", 0, 0, 0, 0, 0, 34, 0, 0, 0, 0, 7, 41
"/Users/macintosh/Desktop/Startup/QalamAndNoor/QalamAndNoor/lib/pages/secretary/students_management_page/new_student_registration/enrolled_class_information/controllers/student_enrolled_class_info_widget_controller.dart", "Dart", 0, 0, 0, 0, 0, 23, 0, 0, 0, 0, 5, 28
"/Users/macintosh/Desktop/Startup/QalamAndNoor/QalamAndNoor/lib/pages/secretary/students_management_page/new_student_registration/enrolled_class_information/views/dialogs/add_student_enrolled_class_info_dialog.dart", "Dart", 0, 0, 0, 0, 0, 132, 0, 0, 0, 0, 4, 136
"/Users/macintosh/Desktop/Startup/QalamAndNoor/QalamAndNoor/lib/pages/secretary/students_management_page/new_student_registration/enrolled_class_information/views/student_enrolled_class_info_widget.dart", "Dart", 0, 0, 0, 0, 0, 60, 0, 0, 0, 0, 4, 64
"/Users/macintosh/Desktop/Startup/QalamAndNoor/QalamAndNoor/lib/pages/secretary/students_management_page/new_student_registration/family_information/controllers/dialog_controllers/add_student_family_info_dialog_controller.dart", "Dart", 0, 0, 0, 0, 0, 27, 0, 0, 0, 0, 5, 32
"/Users/macintosh/Desktop/Startup/QalamAndNoor/QalamAndNoor/lib/pages/secretary/students_management_page/new_student_registration/family_information/controllers/dialog_controllers/student_family_info_dialog_controller.dart", "Dart", 0, 0, 0, 0, 0, 71, 0, 0, 0, 0, 7, 78
"/Users/macintosh/Desktop/Startup/QalamAndNoor/QalamAndNoor/lib/pages/secretary/students_management_page/new_student_registration/family_information/controllers/student_family_info_controller.dart", "Dart", 0, 0, 0, 0, 0, 17, 0, 0, 0, 0, 5, 22
"/Users/macintosh/Desktop/Startup/QalamAndNoor/QalamAndNoor/lib/pages/secretary/students_management_page/new_student_registration/family_information/controllers/widget_controllers/student_father_info_sub_widget_controller.dart", "Dart", 0, 0, 0, 0, 0, 172, 0, 0, 0, 0, 10, 182
"/Users/macintosh/Desktop/Startup/QalamAndNoor/QalamAndNoor/lib/pages/secretary/students_management_page/new_student_registration/family_information/controllers/widget_controllers/student_mother_info_sub_widget_controller.dart", "Dart", 0, 0, 0, 0, 0, 151, 0, 0, 0, 0, 12, 163
"/Users/macintosh/Desktop/Startup/QalamAndNoor/QalamAndNoor/lib/pages/secretary/students_management_page/new_student_registration/family_information/controllers/widget_controllers/student_responsible_person_info_sub_widget_controller.dart", "Dart", 0, 0, 0, 0, 0, 140, 0, 0, 0, 0, 13, 153
"/Users/macintosh/Desktop/Startup/QalamAndNoor/QalamAndNoor/lib/pages/secretary/students_management_page/new_student_registration/family_information/models/family_info.dart", "Dart", 0, 0, 0, 0, 0, 16, 0, 0, 0, 1, 2, 19
"/Users/macintosh/Desktop/Startup/QalamAndNoor/QalamAndNoor/lib/pages/secretary/students_management_page/new_student_registration/family_information/models/validation_text_field.dart", "Dart", 0, 0, 0, 0, 0, 34, 0, 0, 0, 0, 9, 43
"/Users/macintosh/Desktop/Startup/QalamAndNoor/QalamAndNoor/lib/pages/secretary/students_management_page/new_student_registration/family_information/views/dialogs/add_student_family_info_dialog.dart", "Dart", 0, 0, 0, 0, 0, 93, 0, 0, 0, 0, 5, 98
"/Users/macintosh/Desktop/Startup/QalamAndNoor/QalamAndNoor/lib/pages/secretary/students_management_page/new_student_registration/family_information/views/dialogs/student_family_info_dialog.dart", "Dart", 0, 0, 0, 0, 0, 156, 0, 0, 0, 1, 4, 161
"/Users/macintosh/Desktop/Startup/QalamAndNoor/QalamAndNoor/lib/pages/secretary/students_management_page/new_student_registration/family_information/views/widgets/student_family_info_card.dart", "Dart", 0, 0, 0, 0, 0, 189, 0, 0, 0, 0, 3, 192
"/Users/macintosh/Desktop/Startup/QalamAndNoor/QalamAndNoor/lib/pages/secretary/students_management_page/new_student_registration/family_information/views/widgets/student_family_info_widget.dart", "Dart", 0, 0, 0, 0, 0, 76, 0, 0, 0, 0, 4, 80
"/Users/macintosh/Desktop/Startup/QalamAndNoor/QalamAndNoor/lib/pages/secretary/students_management_page/new_student_registration/family_information/views/widgets/student_father_info_sub_widget.dart", "Dart", 0, 0, 0, 0, 0, 264, 0, 0, 0, 0, 4, 268
"/Users/macintosh/Desktop/Startup/QalamAndNoor/QalamAndNoor/lib/pages/secretary/students_management_page/new_student_registration/family_information/views/widgets/student_mother_info_sub_widget.dart", "Dart", 0, 0, 0, 0, 0, 279, 0, 0, 0, 0, 4, 283
"/Users/macintosh/Desktop/Startup/QalamAndNoor/QalamAndNoor/lib/pages/secretary/students_management_page/new_student_registration/family_information/views/widgets/student_responsible_person_info_sub_widget.dart", "Dart", 0, 0, 0, 0, 0, 117, 0, 0, 0, 0, 4, 121
"/Users/macintosh/Desktop/Startup/QalamAndNoor/QalamAndNoor/lib/pages/secretary/students_management_page/new_student_registration/main_page/controllers/new_student_registration_bindings.dart", "Dart", 0, 0, 0, 0, 0, 18, 0, 0, 0, 0, 3, 21
"/Users/macintosh/Desktop/Startup/QalamAndNoor/QalamAndNoor/lib/pages/secretary/students_management_page/new_student_registration/main_page/controllers/new_student_registration_controller.dart", "Dart", 0, 0, 0, 0, 0, 48, 0, 0, 0, 0, 5, 53
"/Users/macintosh/Desktop/Startup/QalamAndNoor/QalamAndNoor/lib/pages/secretary/students_management_page/new_student_registration/main_page/views/new_student_registration_page.dart", "Dart", 0, 0, 0, 0, 0, 132, 0, 0, 0, 0, 6, 138
"/Users/macintosh/Desktop/Startup/QalamAndNoor/QalamAndNoor/lib/pages/secretary/students_management_page/new_student_registration/medical_information/controllers/dialog_controllers/add_student_medical_info_dialog_controller.dart", "Dart", 0, 0, 0, 0, 0, 81, 0, 0, 0, 18, 5, 104
"/Users/macintosh/Desktop/Startup/QalamAndNoor/QalamAndNoor/lib/pages/secretary/students_management_page/new_student_registration/medical_information/controllers/student_medical_info_controller.dart", "Dart", 0, 0, 0, 0, 0, 13, 0, 0, 0, 0, 3, 16
"/Users/macintosh/Desktop/Startup/QalamAndNoor/QalamAndNoor/lib/pages/secretary/students_management_page/new_student_registration/medical_information/controllers/widget_controllers/student_basic_medical_info_sub_widget_controller.dart", "Dart", 0, 0, 0, 0, 0, 47, 0, 0, 0, 0, 4, 51
"/Users/macintosh/Desktop/Startup/QalamAndNoor/QalamAndNoor/lib/pages/secretary/students_management_page/new_student_registration/medical_information/controllers/widget_controllers/student_illnesses_info_sub_widget_controller.dart", "Dart", 0, 0, 0, 0, 0, 27, 0, 0, 0, 0, 5, 32
"/Users/macintosh/Desktop/Startup/QalamAndNoor/QalamAndNoor/lib/pages/secretary/students_management_page/new_student_registration/medical_information/controllers/widget_controllers/student_psychological_statuses_info_sub_widget_controller.dart", "Dart", 0, 0, 0, 0, 0, 3, 0, 0, 0, 0, 2, 5
"/Users/macintosh/Desktop/Startup/QalamAndNoor/QalamAndNoor/lib/pages/secretary/students_management_page/new_student_registration/medical_information/controllers/widget_controllers/student_vaccines_info_sub_widget_controller.dart", "Dart", 0, 0, 0, 0, 0, 54, 0, 0, 0, 0, 6, 60
"/Users/macintosh/Desktop/Startup/QalamAndNoor/QalamAndNoor/lib/pages/secretary/students_management_page/new_student_registration/medical_information/models/medical_info.dart", "Dart", 0, 0, 0, 0, 0, 13, 0, 0, 0, 1, 3, 17
"/Users/macintosh/Desktop/Startup/QalamAndNoor/QalamAndNoor/lib/pages/secretary/students_management_page/new_student_registration/medical_information/views/dialogs/add_student_medical_info_dialog.dart", "Dart", 0, 0, 0, 0, 0, 121, 0, 0, 0, 1, 4, 126
"/Users/macintosh/Desktop/Startup/QalamAndNoor/QalamAndNoor/lib/pages/secretary/students_management_page/new_student_registration/medical_information/views/widgets/student_basic_medical_info_sub_widget.dart", "Dart", 0, 0, 0, 0, 0, 45, 0, 0, 0, 19, 4, 68
"/Users/macintosh/Desktop/Startup/QalamAndNoor/QalamAndNoor/lib/pages/secretary/students_management_page/new_student_registration/medical_information/views/widgets/student_illnesses_info_sub_widget.dart", "Dart", 0, 0, 0, 0, 0, 171, 0, 0, 0, 1, 4, 176
"/Users/macintosh/Desktop/Startup/QalamAndNoor/QalamAndNoor/lib/pages/secretary/students_management_page/new_student_registration/medical_information/views/widgets/student_medical_info_widget.dart", "Dart", 0, 0, 0, 0, 0, 197, 0, 0, 0, 0, 4, 201
"/Users/macintosh/Desktop/Startup/QalamAndNoor/QalamAndNoor/lib/pages/secretary/students_management_page/new_student_registration/medical_information/views/widgets/student_psychological_statuses_info_widget.dart", "Dart", 0, 0, 0, 0, 0, 15, 0, 0, 0, 0, 3, 18
"/Users/macintosh/Desktop/Startup/QalamAndNoor/QalamAndNoor/lib/pages/secretary/students_management_page/new_student_registration/medical_information/views/widgets/student_vaccines_info_sub_widget.dart", "Dart", 0, 0, 0, 0, 0, 178, 0, 0, 0, 2, 4, 184
"/Users/macintosh/Desktop/Startup/QalamAndNoor/QalamAndNoor/lib/pages/secretary/students_management_page/new_student_registration/personal_information/controllers/student_personal_info_controller.dart", "Dart", 0, 0, 0, 0, 0, 139, 0, 0, 0, 1, 12, 152
"/Users/macintosh/Desktop/Startup/QalamAndNoor/QalamAndNoor/lib/pages/secretary/students_management_page/new_student_registration/personal_information/models/student_personal_info.dart", "Dart", 0, 0, 0, 0, 0, 129, 0, 0, 0, 2, 13, 144
"/Users/macintosh/Desktop/Startup/QalamAndNoor/QalamAndNoor/lib/pages/secretary/students_management_page/new_student_registration/personal_information/models/student_registration_info.dart", "Dart", 0, 0, 0, 0, 0, 22, 0, 0, 0, 1, 2, 25
"/Users/macintosh/Desktop/Startup/QalamAndNoor/QalamAndNoor/lib/pages/secretary/students_management_page/new_student_registration/personal_information/views/widgets/student_personal_info_widget.dart", "Dart", 0, 0, 0, 0, 0, 358, 0, 0, 0, 2, 4, 364
"/Users/macintosh/Desktop/Startup/QalamAndNoor/QalamAndNoor/lib/pages/secretary/students_management_page/new_student_registration/previous_school_information/controllers/add_student_previous_school_info_widget_controller.dart", "Dart", 0, 0, 0, 0, 0, 34, 0, 0, 0, 1, 6, 41
"/Users/macintosh/Desktop/Startup/QalamAndNoor/QalamAndNoor/lib/pages/secretary/students_management_page/new_student_registration/previous_school_information/controllers/dialog_controllers/add_student_previous_schools_info_dialog_controller.dart", "Dart", 0, 0, 0, 0, 0, 45, 0, 0, 0, 0, 7, 52
"/Users/macintosh/Desktop/Startup/QalamAndNoor/QalamAndNoor/lib/pages/secretary/students_management_page/new_student_registration/previous_school_information/views/dialogs/add_student_previous_schools_info_dialog.dart", "Dart", 0, 0, 0, 0, 0, 161, 0, 0, 0, 0, 4, 165
"/Users/macintosh/Desktop/Startup/QalamAndNoor/QalamAndNoor/lib/pages/secretary/students_management_page/new_student_registration/previous_school_information/views/widgets/student_previous_school_info_widget.dart", "Dart", 0, 0, 0, 0, 0, 60, 0, 0, 0, 0, 4, 64
"/Users/macintosh/Desktop/Startup/QalamAndNoor/QalamAndNoor/lib/pages/secretary/students_management_page/student_profile/controllers/student_profile_controller.dart", "Dart", 0, 0, 0, 0, 0, 81, 0, 0, 0, 43, 24, 148
"/Users/macintosh/Desktop/Startup/QalamAndNoor/QalamAndNoor/lib/pages/secretary/students_management_page/student_profile/views/student_profile.dart", "Dart", 0, 0, 0, 0, 0, 384, 0, 0, 0, 1, 11, 396
"/Users/macintosh/Desktop/Startup/QalamAndNoor/QalamAndNoor/lib/pages/secretary/students_management_page/student_profile/views/widgets/counters/illnesses_counter.dart", "Dart", 0, 0, 0, 0, 0, 41, 0, 0, 0, 0, 3, 44
"/Users/macintosh/Desktop/Startup/QalamAndNoor/QalamAndNoor/lib/pages/secretary/students_management_page/student_profile/views/widgets/counters/psychological_statuses_counter.dart", "Dart", 0, 0, 0, 0, 0, 55, 0, 0, 0, 0, 3, 58
"/Users/macintosh/Desktop/Startup/QalamAndNoor/QalamAndNoor/lib/pages/secretary/students_management_page/student_profile/views/widgets/counters/vaccines_counter.dart", "Dart", 0, 0, 0, 0, 0, 43, 0, 0, 0, 0, 4, 47
"/Users/macintosh/Desktop/Startup/QalamAndNoor/QalamAndNoor/lib/pages/secretary/students_management_page/student_profile/views/widgets/dialogs/illnesses_information_dialog.dart", "Dart", 0, 0, 0, 0, 0, 82, 0, 0, 0, 0, 2, 84
"/Users/macintosh/Desktop/Startup/QalamAndNoor/QalamAndNoor/lib/pages/secretary/students_management_page/student_profile/views/widgets/dialogs/psychological_statuses_dialog.dart", "Dart", 0, 0, 0, 0, 0, 94, 0, 0, 0, 0, 2, 96
"/Users/macintosh/Desktop/Startup/QalamAndNoor/QalamAndNoor/lib/pages/secretary/students_management_page/student_profile/views/widgets/dialogs/vaccines_information_dialog.dart", "Dart", 0, 0, 0, 0, 0, 88, 0, 0, 0, 0, 3, 91
"/Users/macintosh/Desktop/Startup/QalamAndNoor/QalamAndNoor/lib/pages/secretary/students_management_page/student_profile/views/widgets/psychological_status_indicator.dart", "Dart", 0, 0, 0, 0, 0, 39, 0, 0, 0, 0, 2, 41
"/Users/macintosh/Desktop/Startup/QalamAndNoor/QalamAndNoor/lib/pages/secretary/students_management_page/student_profile/views/widgets/student_address_information.dart", "Dart", 0, 0, 0, 0, 0, 93, 0, 0, 0, 0, 6, 99
"/Users/macintosh/Desktop/Startup/QalamAndNoor/QalamAndNoor/lib/pages/secretary/students_management_page/student_profile/views/widgets/student_family_information.dart", "Dart", 0, 0, 0, 0, 0, 48, 0, 0, 0, 0, 3, 51
"/Users/macintosh/Desktop/Startup/QalamAndNoor/QalamAndNoor/lib/pages/secretary/students_management_page/student_profile/views/widgets/student_main_information.dart", "Dart", 0, 0, 0, 0, 0, 85, 0, 0, 0, 0, 4, 89
"/Users/macintosh/Desktop/Startup/QalamAndNoor/QalamAndNoor/lib/pages/secretary/students_management_page/student_profile/views/widgets/student_vaccines_and_illnesses_information.dart", "Dart", 0, 0, 0, 0, 0, 77, 0, 0, 0, 0, 3, 80
"/Users/macintosh/Desktop/Startup/QalamAndNoor/QalamAndNoor/lib/pages/shared/account_settings_page/controllers/dialog_controllers/account_information_dialog_controller.dart", "Dart", 0, 0, 0, 0, 0, 77, 0, 0, 0, 0, 7, 84
"/Users/macintosh/Desktop/Startup/QalamAndNoor/QalamAndNoor/lib/pages/shared/account_settings_page/controllers/settings_page_controller.dart", "Dart", 0, 0, 0, 0, 0, 40, 0, 0, 0, 0, 6, 46
"/Users/macintosh/Desktop/Startup/QalamAndNoor/QalamAndNoor/lib/pages/shared/account_settings_page/views/dialogs/change_account_info_dialog.dart", "Dart", 0, 0, 0, 0, 0, 83, 0, 0, 0, 0, 3, 86
"/Users/macintosh/Desktop/Startup/QalamAndNoor/QalamAndNoor/lib/pages/shared/account_settings_page/views/settings_page.dart", "Dart", 0, 0, 0, 0, 0, 78, 0, 0, 0, 0, 3, 81
"/Users/macintosh/Desktop/Startup/QalamAndNoor/QalamAndNoor/lib/pages/shared/account_settings_page/views/widgets/profile_account_information_widget.dart", "Dart", 0, 0, 0, 0, 0, 66, 0, 0, 0, 0, 3, 69
"/Users/macintosh/Desktop/Startup/QalamAndNoor/QalamAndNoor/lib/pages/shared/account_settings_page/views/widgets/profile_address_widget.dart", "Dart", 0, 0, 0, 0, 0, 68, 0, 0, 0, 0, 4, 72
"/Users/macintosh/Desktop/Startup/QalamAndNoor/QalamAndNoor/lib/pages/shared/account_settings_page/views/widgets/profile_image_widget.dart", "Dart", 0, 0, 0, 0, 0, 44, 0, 0, 0, 0, 4, 48
"/Users/macintosh/Desktop/Startup/QalamAndNoor/QalamAndNoor/lib/pages/shared/account_settings_page/views/widgets/profile_info_widget.dart", "Dart", 0, 0, 0, 0, 0, 81, 0, 0, 0, 1, 6, 88
"/Users/macintosh/Desktop/Startup/QalamAndNoor/QalamAndNoor/lib/pages/shared/account_settings_page/views/widgets/profile_work_information_widget.dart", "Dart", 0, 0, 0, 0, 0, 59, 0, 0, 0, 0, 3, 62
"/Users/macintosh/Desktop/Startup/QalamAndNoor/QalamAndNoor/lib/pages/shared/loader/controllers/loader_bindings.dart", "Dart", 0, 0, 0, 0, 0, 12, 0, 0, 0, 1, 3, 16
"/Users/macintosh/Desktop/Startup/QalamAndNoor/QalamAndNoor/lib/pages/shared/loader/controllers/loader_controller.dart", "Dart", 0, 0, 0, 0, 0, 24, 0, 0, 0, 1, 3, 28
"/Users/macintosh/Desktop/Startup/QalamAndNoor/QalamAndNoor/lib/pages/shared/loader/controllers/loader_page_animation_controller.dart", "Dart", 0, 0, 0, 0, 0, 35, 0, 0, 0, 0, 6, 41
"/Users/macintosh/Desktop/Startup/QalamAndNoor/QalamAndNoor/lib/pages/shared/loader/views/loader.dart", "Dart", 0, 0, 0, 0, 0, 98, 0, 0, 0, 0, 5, 103
"/Users/macintosh/Desktop/Startup/QalamAndNoor/QalamAndNoor/lib/pages/shared/login_page/controllers/login_page_bindings.dart", "Dart", 0, 0, 0, 0, 0, 8, 0, 0, 0, 0, 3, 11
"/Users/macintosh/Desktop/Startup/QalamAndNoor/QalamAndNoor/lib/pages/shared/login_page/controllers/login_page_controller.dart", "Dart", 0, 0, 0, 0, 0, 48, 0, 0, 0, 0, 5, 53
"/Users/macintosh/Desktop/Startup/QalamAndNoor/QalamAndNoor/lib/pages/shared/login_page/views/login_page.dart", "Dart", 0, 0, 0, 0, 0, 132, 0, 0, 0, 0, 4, 136
"/Users/macintosh/Desktop/Startup/QalamAndNoor/QalamAndNoor/lib/pages/shared/navigation_page/controllers/navigation_bindings.dart", "Dart", 0, 0, 0, 0, 0, 22, 0, 0, 0, 2, 3, 27
"/Users/macintosh/Desktop/Startup/QalamAndNoor/QalamAndNoor/lib/pages/shared/navigation_page/controllers/navigation_page_controller.dart", "Dart", 0, 0, 0, 0, 0, 42, 0, 0, 0, 0, 8, 50
"/Users/macintosh/Desktop/Startup/QalamAndNoor/QalamAndNoor/lib/pages/shared/navigation_page/models/navigation_rail_destination_card.dart", "Dart", 0, 0, 0, 0, 0, 11, 0, 0, 0, 0, 3, 14
"/Users/macintosh/Desktop/Startup/QalamAndNoor/QalamAndNoor/lib/pages/shared/navigation_page/views/navigation_page.dart", "Dart", 0, 0, 0, 0, 0, 44, 0, 0, 0, 0, 4, 48
"/Users/macintosh/Desktop/Startup/QalamAndNoor/QalamAndNoor/lib/pages/shared/navigation_page/views/widgets/cross_switcher.dart", "Dart", 0, 0, 0, 0, 0, 48, 0, 0, 0, 0, 9, 57
"/Users/macintosh/Desktop/Startup/QalamAndNoor/QalamAndNoor/lib/pages/shared/navigation_page/views/widgets/navigation_rail.dart", "Dart", 0, 0, 0, 0, 0, 75, 0, 0, 0, 0, 4, 79
"/Users/macintosh/Desktop/Startup/QalamAndNoor/QalamAndNoor/lib/pages/shared/navigation_page/views/widgets/navigation_rail_card.dart", "Dart", 0, 0, 0, 0, 0, 75, 0, 0, 0, 0, 4, 79
"/Users/macintosh/Desktop/Startup/QalamAndNoor/QalamAndNoor/lib/pages/shared/navigation_page/views/widgets/navigation_rail_widgets.dart", "Dart", 0, 0, 0, 0, 0, 50, 0, 0, 0, 0, 5, 55
"/Users/macintosh/Desktop/Startup/QalamAndNoor/QalamAndNoor/lib/pages/teacher/dashboard_page/views/teacher_dashboard_page.dart", "Dart", 0, 0, 0, 0, 0, 37, 0, 0, 0, 0, 4, 41
"/Users/macintosh/Desktop/Startup/QalamAndNoor/QalamAndNoor/lib/to_be_disposed/bindings/add_or_edit_address_bindings.dart", "Dart", 0, 0, 0, 0, 0, 0, 0, 0, 0, 13, 3, 16
"/Users/macintosh/Desktop/Startup/QalamAndNoor/QalamAndNoor/lib/to_be_disposed/controllers/add_address_page_controller.dart", "Dart", 0, 0, 0, 0, 0, 0, 0, 0, 0, 94, 8, 102
"/Users/macintosh/Desktop/Startup/QalamAndNoor/QalamAndNoor/lib/to_be_disposed/data/dummy_data.dart", "Dart", 0, 0, 0, 0, 0, 0, 0, 0, 0, 208, 20, 228
"/Users/macintosh/Desktop/Startup/QalamAndNoor/QalamAndNoor/lib/to_be_disposed/dialogs/add_address_dialog.dart", "Dart", 0, 0, 0, 0, 0, 0, 0, 0, 0, 149, 4, 153
"/Users/macintosh/Desktop/Startup/QalamAndNoor/QalamAndNoor/lib/to_be_disposed/general_record_management/views/general_record_management_page.dart", "Dart", 0, 0, 0, 0, 0, 12, 0, 0, 0, 0, 3, 15
"/Users/macintosh/Desktop/Startup/QalamAndNoor/QalamAndNoor/lib/to_be_disposed/methods/dummy_methods.dart", "Dart", 0, 0, 0, 0, 0, 0, 0, 0, 0, 50, 12, 62
"/Users/macintosh/Desktop/Startup/QalamAndNoor/QalamAndNoor/lib/to_be_disposed/new_student_registration/family_information/father_information/views/add_new_father_page.dart", "Dart", 0, 0, 0, 0, 0, 0, 0, 0, 0, 308, 11, 319
"/Users/macintosh/Desktop/Startup/QalamAndNoor/QalamAndNoor/lib/to_be_disposed/new_student_registration/family_information/father_information/views/widgets/father_civil_information.dart", "Dart", 0, 0, 0, 0, 0, 0, 0, 0, 0, 120, 5, 125
"/Users/macintosh/Desktop/Startup/QalamAndNoor/QalamAndNoor/lib/to_be_disposed/new_student_registration/family_information/father_information/views/widgets/father_full_name.dart", "Dart", 0, 0, 0, 0, 0, 0, 0, 0, 0, 79, 4, 83
"/Users/macintosh/Desktop/Startup/QalamAndNoor/QalamAndNoor/lib/to_be_disposed/new_student_registration/family_information/mother_information/views/add_new_mother.dart", "Dart", 0, 0, 0, 0, 0, 0, 0, 0, 0, 431, 8, 439
"/Users/macintosh/Desktop/Startup/QalamAndNoor/QalamAndNoor/lib/to_be_disposed/new_student_registration/student_information/controllers/new_student_registration_controller.dart", "Dart", 0, 0, 0, 0, 0, 75, 0, 0, 0, 2, 17, 94
"/Users/macintosh/Desktop/Startup/QalamAndNoor/QalamAndNoor/lib/to_be_disposed/new_student_registration/student_information/views/new_student_registration_page.dart", "Dart", 0, 0, 0, 0, 0, 345, 0, 0, 0, 545, 9, 899
"/Users/macintosh/Desktop/Startup/QalamAndNoor/QalamAndNoor/lib/to_be_disposed/new_student_registration_page/controllers/logic_controller.dart", "Dart", 0, 0, 0, 0, 0, 58, 0, 0, 0, 3, 14, 75
"/Users/macintosh/Desktop/Startup/QalamAndNoor/QalamAndNoor/lib/to_be_disposed/new_student_registration_page/controllers/ui_controller.dart", "Dart", 0, 0, 0, 0, 0, 35, 0, 0, 0, 0, 7, 42
"/Users/macintosh/Desktop/Startup/QalamAndNoor/QalamAndNoor/lib/to_be_disposed/new_student_registration_page/views/dialogs/student_civilian_information_sub_window.dart", "Dart", 0, 0, 0, 0, 0, 132, 0, 0, 0, 0, 4, 136
"/Users/macintosh/Desktop/Startup/QalamAndNoor/QalamAndNoor/lib/to_be_disposed/new_student_registration_page/views/dialogs/student_personal_information_sub_window.dart", "Dart", 0, 0, 0, 0, 0, 160, 0, 0, 0, 0, 4, 164
"/Users/macintosh/Desktop/Startup/QalamAndNoor/QalamAndNoor/lib/to_be_disposed/new_student_registration_page/views/main_view.dart", "Dart", 0, 0, 0, 0, 0, 140, 0, 0, 0, 2, 4, 146
"/Users/macintosh/Desktop/Startup/QalamAndNoor/QalamAndNoor/lib/to_be_disposed/search_page/views/no_search_results_page.dart", "Dart", 0, 0, 0, 0, 0, 56, 0, 0, 0, 1, 4, 61
"/Users/macintosh/Desktop/Startup/QalamAndNoor/QalamAndNoor/lib/to_be_disposed/views/test_page.dart", "Dart", 0, 0, 0, 0, 0, 42, 0, 0, 0, 0, 5, 47
"/Users/macintosh/Desktop/Startup/QalamAndNoor/QalamAndNoor/lib/to_be_disposed/widgets/cities_to_address_count_pie_chart.dart", "Dart", 0, 0, 0, 0, 0, 0, 0, 0, 0, 55, 5, 60
"/Users/macintosh/Desktop/Startup/QalamAndNoor/QalamAndNoor/lib/to_be_disposed/widgets/city_card.dart", "Dart", 0, 0, 0, 0, 0, 79, 0, 0, 0, 67, 6, 152
"/Users/macintosh/Desktop/Startup/QalamAndNoor/QalamAndNoor/lib/to_be_disposed/widgets/city_stats_card.dart", "Dart", 0, 0, 0, 0, 0, 64, 0, 0, 0, 0, 3, 67
"/Users/macintosh/Desktop/Startup/QalamAndNoor/QalamAndNoor/lib/tools/dialogs_services/snack_bar_service.dart", "Dart", 0, 0, 0, 0, 0, 74, 0, 0, 0, 1, 5, 80
"/Users/macintosh/Desktop/Startup/QalamAndNoor/QalamAndNoor/lib/tools/logic_tools/crud_interface.dart", "Dart", 0, 0, 0, 0, 0, 15, 0, 0, 0, 1, 5, 21
"/Users/macintosh/Desktop/Startup/QalamAndNoor/QalamAndNoor/lib/tools/logic_tools/datetime_helper.dart", "Dart", 0, 0, 0, 0, 0, 24, 0, 0, 0, 0, 2, 26
"/Users/macintosh/Desktop/Startup/QalamAndNoor/QalamAndNoor/lib/tools/logic_tools/network_service.dart", "Dart", 0, 0, 0, 0, 0, 38, 0, 0, 0, 25, 5, 68
"/Users/macintosh/Desktop/Startup/QalamAndNoor/QalamAndNoor/lib/tools/ui_tools/buttons.dart", "Dart", 0, 0, 0, 0, 0, 418, 0, 0, 0, 1, 12, 431
"/Users/macintosh/Desktop/Startup/QalamAndNoor/QalamAndNoor/lib/tools/ui_tools/custom_appbar.dart", "Dart", 0, 0, 0, 0, 0, 125, 0, 0, 0, 1, 7, 133
"/Users/macintosh/Desktop/Startup/QalamAndNoor/QalamAndNoor/lib/tools/ui_tools/custom_drop_down_menu.dart", "Dart", 0, 0, 0, 0, 0, 52, 0, 0, 0, 1, 4, 57
"/Users/macintosh/Desktop/Startup/QalamAndNoor/QalamAndNoor/lib/tools/ui_tools/custom_scaffold.dart", "Dart", 0, 0, 0, 0, 0, 32, 0, 0, 0, 0, 3, 35
"/Users/macintosh/Desktop/Startup/QalamAndNoor/QalamAndNoor/lib/tools/ui_tools/drop_down_menu.dart", "Dart", 0, 0, 0, 0, 0, 30, 0, 0, 0, 0, 4, 34
"/Users/macintosh/Desktop/Startup/QalamAndNoor/QalamAndNoor/lib/tools/ui_tools/labeled_widget.dart", "Dart", 0, 0, 0, 0, 0, 39, 0, 0, 0, 0, 3, 42
"/Users/macintosh/Desktop/Startup/QalamAndNoor/QalamAndNoor/lib/tools/ui_tools/loader_widget.dart", "Dart", 0, 0, 0, 0, 0, 19, 0, 0, 0, 0, 3, 22
"/Users/macintosh/Desktop/Startup/QalamAndNoor/QalamAndNoor/lib/tools/ui_tools/search_fields.dart", "Dart", 0, 0, 0, 0, 0, 54, 0, 0, 0, 2, 3, 59
"/Users/macintosh/Desktop/Startup/QalamAndNoor/QalamAndNoor/lib/tools/ui_tools/text_fields.dart", "Dart", 0, 0, 0, 0, 0, 100, 0, 0, 0, 2, 8, 110
"/Users/macintosh/Desktop/Startup/QalamAndNoor/QalamAndNoor/lib/tools/ui_tools/ui_tools.dart", "Dart", 0, 0, 0, 0, 0, 21, 0, 0, 0, 0, 5, 26
"/Users/macintosh/Desktop/Startup/QalamAndNoor/QalamAndNoor/lib/tools/widgets/employee_dashboard_profile_widget.dart", "Dart", 0, 0, 0, 0, 0, 48, 0, 0, 0, 0, 4, 52
"/Users/macintosh/Desktop/Startup/QalamAndNoor/QalamAndNoor/lib/tools/widgets/empty_item_widget.dart", "Dart", 0, 0, 0, 0, 0, 44, 0, 0, 0, 1, 5, 50
"/Users/macintosh/Desktop/Startup/QalamAndNoor/QalamAndNoor/lib/tools/widgets/error_loading_something_widget.dart", "Dart", 0, 0, 0, 0, 0, 80, 0, 0, 0, 1, 4, 85
"/Users/macintosh/Desktop/Startup/QalamAndNoor/QalamAndNoor/linux/flutter/generated_plugin_registrant.cc", "C++", 0, 0, 3, 0, 0, 0, 0, 0, 0, 4, 5, 12
"/Users/macintosh/Desktop/Startup/QalamAndNoor/QalamAndNoor/linux/flutter/generated_plugin_registrant.h", "C++", 0, 0, 5, 0, 0, 0, 0, 0, 0, 5, 6, 16
"/Users/macintosh/Desktop/Startup/QalamAndNoor/QalamAndNoor/linux/main.cc", "C++", 0, 0, 5, 0, 0, 0, 0, 0, 0, 0, 2, 7
"/Users/macintosh/Desktop/Startup/QalamAndNoor/QalamAndNoor/linux/my_application.cc", "C++", 0, 0, 74, 0, 0, 0, 0, 0, 0, 11, 20, 105
"/Users/macintosh/Desktop/Startup/QalamAndNoor/QalamAndNoor/linux/my_application.h", "C++", 0, 0, 7, 0, 0, 0, 0, 0, 0, 7, 5, 19
"/Users/macintosh/Desktop/Startup/QalamAndNoor/QalamAndNoor/pubspec.yaml", "YAML", 0, 0, 0, 44, 0, 0, 0, 0, 0, 58, 13, 115
"/Users/macintosh/Desktop/Startup/QalamAndNoor/QalamAndNoor/test/unit_test.dart", "Dart", 0, 0, 0, 0, 0, 125, 0, 0, 0, 2, 4, 131
"/Users/macintosh/Desktop/Startup/QalamAndNoor/QalamAndNoor/web/index.html", "HTML", 0, 0, 0, 0, 0, 0, 0, 0, 38, 16, 6, 60
"/Users/macintosh/Desktop/Startup/QalamAndNoor/QalamAndNoor/web/manifest.json", "JSON", 0, 0, 0, 0, 0, 0, 0, 35, 0, 0, 1, 36
"/Users/macintosh/Desktop/Startup/QalamAndNoor/QalamAndNoor/windows/flutter/generated_plugin_registrant.cc", "C++", 0, 0, 3, 0, 0, 0, 0, 0, 0, 4, 5, 12
"/Users/macintosh/Desktop/Startup/QalamAndNoor/QalamAndNoor/windows/flutter/generated_plugin_registrant.h", "C++", 0, 0, 5, 0, 0, 0, 0, 0, 0, 5, 6, 16
"/Users/macintosh/Desktop/Startup/QalamAndNoor/QalamAndNoor/windows/runner/flutter_window.cpp", "C++", 0, 0, 48, 0, 0, 0, 0, 0, 0, 4, 15, 67
"/Users/macintosh/Desktop/Startup/QalamAndNoor/QalamAndNoor/windows/runner/flutter_window.h", "C++", 0, 0, 20, 0, 0, 0, 0, 0, 0, 5, 9, 34
"/Users/macintosh/Desktop/Startup/QalamAndNoor/QalamAndNoor/windows/runner/main.cpp", "C++", 0, 0, 30, 0, 0, 0, 0, 0, 0, 4, 10, 44
"/Users/macintosh/Desktop/Startup/QalamAndNoor/QalamAndNoor/windows/runner/resource.h", "C++", 0, 0, 9, 0, 0, 0, 0, 0, 0, 6, 2, 17
"/Users/macintosh/Desktop/Startup/QalamAndNoor/QalamAndNoor/windows/runner/utils.cpp", "C++", 0, 0, 53, 0, 0, 0, 0, 0, 0, 2, 10, 65
"/Users/macintosh/Desktop/Startup/QalamAndNoor/QalamAndNoor/windows/runner/utils.h", "C++", 0, 0, 8, 0, 0, 0, 0, 0, 0, 6, 6, 20
"/Users/macintosh/Desktop/Startup/QalamAndNoor/QalamAndNoor/windows/runner/win32_window.cpp", "C++", 0, 0, 210, 0, 0, 0, 0, 0, 0, 24, 55, 289
"/Users/macintosh/Desktop/Startup/QalamAndNoor/QalamAndNoor/windows/runner/win32_window.h", "C++", 0, 0, 48, 0, 0, 0, 0, 0, 0, 31, 24, 103
"Total", "-", 89, 8, 528, 47, 65, 27241, 10, 35, 38, 3158, 2407, 33626